Name,Email
Tim Hoffman,laurarich@figueroa-thompson.biz
Michael Lester,danderson@james.com
Ashley Scott,ashley57@gmail.com
Johnny Greene,stacey20@washington-peterson.net
Ashley Burke,ufoster@gmail.com
Todd Reyes,cgarcia@hotmail.com
Lauren Arias,dhardy@yahoo.com
Ashley Ramsey,yorksherri@hotmail.com
Larry Perez,marshallstephanie@fields.com
Erin Hoffman,fthomas@hotmail.com
Crystal Schultz,mnguyen@peters-schwartz.com
Melissa Smith,jennifer74@gmail.com
Thomas Warren,jamesstephens@gmail.com
John Robertson,fowlernicole@hotmail.com
Michael Wallace,patriciabaxter@perry-barrera.com
Elizabeth Jones,jross@hotmail.com
Allen Miller,codypage@hotmail.com
Laurie Steele,wilsondavid@lewis.org
Cindy Foster,brian75@yahoo.com
Brianna Bennett,tinamartinez@meyer-riley.org
Jason Rose,tonya49@stewart-parker.com
Mark Marks,leeboone@madden.com
Darlene Krueger,djenkins@gmail.com
Dean West,justin25@wallace.com
Herbert Mcintosh,wdavis@mitchell-edwards.com
Jason Ward,benderbrooke@gmail.com
Maria Foster,brian51@yahoo.com
Allen Wang,hudsonjesse@greer-parker.net
Christopher Nguyen,wattsnatalie@neal.com
Barbara Lee,meyertamara@smith-weaver.com
Christopher Chang,megan46@osborne.com
Patrick Peters,bbrooks@gmail.com
Jill Duffy,housedevon@buchanan.com
Veronica Lane,moorechristopher@hall-combs.com
Mary Robertson,pmcintosh@williams-solomon.com
Angela Johnson,maryflores@burns-lowe.biz
Matthew Padilla,victor86@scott.com
Gary Prince,daniel10@west.com
Zachary Alexander,danielle13@yahoo.com
Michael Howard,amybrown@gmail.com
Theresa Salas,gibsonregina@smith.com
Barbara Lambert,reedlaura@martinez-oliver.biz
Sarah Clay,rbrennan@hotmail.com
Erica Thompson,quinnsteven@bailey.org
Nicole Castro,tyler47@buckley.com
Donald Burton,rrogers@gmail.com
Erica Hill,ycunningham@sanders-hatfield.com
Amanda Cook,bcarrillo@gmail.com
Michael Chavez,timothyritter@gmail.com
Dr. Jerome Monroe,millerchristopher@craig.com
Autumn Price,matthewfowler@hotmail.com
Lauren Trujillo,bellderrick@adams.com
Whitney Wang,robertroy@hotmail.com
Cynthia Perkins,lunamichael@gmail.com
Matthew Walton,zmartinez@gmail.com
Eric Wilson,dward@thomas-smith.info
Cameron Jones,joshuadavis@gmail.com
Jody Bright,rfernandez@hotmail.com
Candice Bowman,hoffmanjeffrey@tran.com
Ryan Lee,justinwilliams@hotmail.com
Nicholas Shaw,nancyhawkins@hotmail.com
Stacey Tran,elizabeth84@medina.com
Lisa Ayala,vanessa46@brooks-soto.com
William Landry,cmartinez@cuevas.com
George Mason,santanamisty@schultz.com
Kathleen Stevens,ojohnson@hotmail.com
Christopher Dillon,matthewperez@edwards-little.com
Tristan Friedman,matthew28@lee.com
Mr. Alan Morris,erica03@yahoo.com
Justin Walton,logan34@gmail.com
Victoria Tyler,kimberly33@yahoo.com
Natalie Perez,gloriacarter@yahoo.com
Kimberly Chavez,jamiecastro@flynn.com
Paul Poole,michael08@cruz-cole.org
David Brown,michael83@kennedy.org
Christopher Burke,william76@boyd.com
Dr. Crystal Allen,aliciavasquez@gmail.com
Vicki Guzman,michellezuniga@foley.org
Melinda Howell,jacobgarcia@hotmail.com
Amber Mcdonald,salasjohn@wolfe.biz
Mrs. Jessica Tucker,brooksryan@ayala-fisher.net
Brandon Haley,smarshall@gmail.com
Adam Price,nathan55@hotmail.com
Anne Stanton,rickymays@hotmail.com
Christina Dennis,laneapril@hotmail.com
Mary Scott,ghernandez@gmail.com
Amanda Ward,patrick95@hart.com
Michael Clark,johnsbridget@gmail.com
Kimberly Wilkinson,whitesarah@gmail.com
Pedro Tate,chloe04@hotmail.com
Mark Long,xstewart@yahoo.com
John Craig,lewisdavid@hotmail.com
Justin Benson,tinapowell@hotmail.com
Donald Ortiz,oturner@hotmail.com
Lisa Johns,melanie35@brown-vega.biz
Brianna Mcdonald,qtaylor@gmail.com
Samuel Rodriguez,shepherdedward@webster.com
Danielle Simmons,william97@yahoo.com
Erika Greene,karinaherrera@archer.com
Scott Cannon,robertvaughn@garcia.net
Mary Lara,andersondavid@hotmail.com
Michael Burton,jennifer27@stokes.org
Terry Scott,srhodes@smith.com
Dawn Villarreal,josephbright@powers.info
Jason Camacho,brianholt@mills-myers.biz
Eric Luna,kimberlyschwartz@yahoo.com
Jodi Jordan,cbrown@hotmail.com
Mark Martin,odavis@yahoo.com
Brett Simpson,douglas17@gmail.com
Dennis Williams,michael88@clark-mitchell.info
William Neal,angela88@gmail.com
Jeffrey Banks,tmiller@owens.com
Patricia Hughes,jchambers@gmail.com
Amber Molina,jeremy72@gmail.com
Sonia Downs,wsanchez@wallace.com
Stephanie Rodriguez,johnwood@yahoo.com
Selena Flores,combsalexander@yahoo.com
Eric West,nsmith@vaughan.info
Zachary Potts,jmartin@singh.com
David Holmes,torresstephanie@yahoo.com
Amanda Price,woodcourtney@yahoo.com
Ryan Wright,csmith@may.com
Jeffrey Campbell,amandariddle@ritter.org
Lindsay Blair,dcarpenter@miller.org
Jeremy Burke,nicholas16@jacobs.net
Travis Bradley,edward23@king.com
Samantha Bailey,amanda10@hotmail.com
Andrew Wong,simmonsdamon@lee-smith.com
Brett Moss,rgallegos@ortiz.com
Kathryn Francis,uadams@watkins.com
David Sullivan,libarra@powell.com
Zachary Sawyer,robert72@hotmail.com
Kevin Austin,christopherstrickland@yahoo.com
Brett Fisher,phillip82@garcia.com
Jeffrey Kelley,caldwellheather@yahoo.com
Nicholas Howard,meganspencer@martinez.com
Susan Jackson,tommy21@harris-diaz.org
George Collins,smithrachel@hotmail.com
Jennifer Goodwin,jenkinschristopher@gmail.com
Michael Hernandez,stephen12@white.com
Sherry Ruiz,rickymcneil@anderson-knight.info
Steven Mercado,moraleskara@wu.org
Pamela Delacruz,maxwellbrian@yahoo.com
Rachel Valencia,zmcbride@turner.com
Melissa Turner,andrew26@salas.biz
Michael Fleming,suzanneross@baker-carter.com
Cassandra Goodman,dhart@gmail.com
Jennifer Evans,christopher40@bryant.com
Becky Robinson,jonathanherman@hotmail.com
Maxwell Perez,elizabeth01@wolf.com
Ann Durham,carl92@yahoo.com
Wesley Martin,hartmanmark@gmail.com
Daniel Brown,swilliams@hawkins.com
Brittney Boyd,maliksmith@yahoo.com
Emily Tran,andrewsbruce@bell-zamora.info
Catherine Erickson,jjones@yahoo.com
Kiara Schmitt,breanna48@gmail.com
Julia Griffin,jennifer81@gmail.com
Todd Kelly,williamterrell@steele.com
Allen Conway,michael28@yahoo.com
Joshua Davies,reynoldslisa@smith.com
John Schultz,glong@bryant-johnson.info
Deborah Schneider,natalie76@yahoo.com
Katrina Moore,vharrison@lucas.com
Timothy Carson,abaldwin@carter-edwards.com
Billy Patterson,mlopez@harris.net
Cynthia Clark,chloe44@gutierrez.biz
Amanda Stafford,alvaradokyle@barnett.com
Amy Wade,garciaamanda@hotmail.com
Kristin Lopez,sandovalmichael@stevens.com
Eric Howard,debbiemiranda@arias.net
Michelle Johnson,benjaminthomas@gmail.com
Nathan Figueroa,lewispatrick@dodson.net
Ryan Gonzalez,ndavis@yahoo.com
Mrs. Jamie Solomon,robertaanderson@mccarthy.com
Adriana Dalton,holmesbrian@gmail.com
Amanda Randall,teresa96@gmail.com
Tracy Cooper,garciafrank@hotmail.com
Jason Cross,rfreeman@rodriguez.net
Jeffrey Lucas,dale18@jenkins-allen.com
Eric Brooks,ykelley@gmail.com
Roy Stephenson,sloanalexander@rojas.com
Lisa Smith,ericmoreno@sullivan-miller.com
Jason Mclean,davidnguyen@williams.com
Michael Young,martinjustin@fitzgerald.com
Edward Johnson,kpoole@mcknight-dickerson.biz
Sean Riggs,fwoods@gould.com
Robert Whitney,rushmary@yahoo.com
Monique Morris,bmurray@gmail.com
Scott White,harrisonsergio@bates.info
John Mathis,hclark@gmail.com
Taylor Gutierrez,ekennedy@hotmail.com
Jeffrey Morrow,carrillorebecca@gmail.com
Tara Huang,toddmedina@andersen.com
John Robinson,gonzalezrichard@mitchell-west.info
Michael Yang,xmitchell@yu.biz
Matthew Wang,codygibson@smith-montgomery.com
Devin Moss,johnnewman@hotmail.com
Robert Everett,jamesward@dickerson.com
Shane Brown,romeromichaela@gmail.com
Edward Strickland,leah86@jones.net
Brian Meyers,nodom@perez.com
Erin Wu,ruizapril@lee.com
Susan Jones,amandafuller@jimenez.com
Chase Brock,ortizchristopher@yahoo.com
Donald Boyer,thomasbrooks@white.biz
David Turner,sullivanpatrick@gmail.com
Carolyn Webb,nicole97@swanson-curry.info
Christine Fox,michael34@wells.net
Luis Casey,moralesmary@lee.net
Sara Villa,kurt76@hamilton.com
Tanya Moon,wallacematthew@campbell.com
Bobby Fowler,iserrano@yahoo.com
Bryan Gardner,pcooper@hotmail.com
Brooke Ramirez,troy92@hensley-ramos.net
Jennifer Thomas,alexandercontreras@gmail.com
Jeffrey Castillo,cpatterson@yahoo.com
Lindsay Obrien,yschmidt@kim.com
Robin Gonzalez,stephanie98@hotmail.com
Cody Mitchell,wwhite@king-fleming.info
Jeffrey Young,shawn30@sims-duncan.com
Nicole Davis,markarmstrong@yahoo.com
Cristian Wilson,nreid@johnson.biz
Carolyn Pierce,thomasanthony@waller-miller.com
Johnny Willis,daniel48@king-ward.com
Kristina Riddle,fisherbenjamin@martinez-wall.biz
James Lindsey,klarsen@hotmail.com
Larry Young DDS,wrush@walker.com
Amy Harris,singletonsteven@alvarado-holmes.biz
Zachary Fields,wiseanna@gomez-raymond.info
Rebecca Weaver,pjacobson@bentley.biz
Gregory Diaz,nancy08@yahoo.com
Billy Thomas,ericpowell@turner.com
Heidi Mitchell,haileyholmes@yahoo.com
Mckenzie Ross,fwheeler@yahoo.com
Kelly Swanson,dgoodman@gmail.com
Suzanne Hanna,tommy85@reynolds.net
Lori Brown,loganjennifer@yahoo.com
Christopher Bond,ericaguilar@sanders.org
Michelle Russell,rubiostephanie@hotmail.com
Monica Smith,jonessarah@cherry-garrett.net
Christopher Bryant,anthony72@hotmail.com
Diane Gibson,holdensusan@yahoo.com
Tony Wolf,rita45@parker.com
Denise Ramos,austin51@patterson-wells.com
Jeffrey Gates,wilsonantonio@gmail.com
Faith Watkins,higginschristian@gmail.com
Katrina Brooks,gsantana@smith.com
Michael Cummings,gbell@hotmail.com
Jo Powell,kevindavis@yahoo.com
Robert Sanders,clayton14@yahoo.com
Alexa Ward,fvillarreal@hotmail.com
Douglas Garcia,victoriahughes@shea.org
Benjamin Gomez,qwhitehead@pratt.biz
Devin Swanson,bgilbert@gmail.com
Marc Miller,bethpalmer@ray-jones.com
Terri Beck,rubenmorris@hotmail.com
Travis Bush,allenjennifer@gmail.com
Tracy Wilson,chloeboyd@hotmail.com
Emma Johnson,smithjade@fernandez-gibson.org
Peter Bryant,simsamy@duncan.com
Charles Ramirez,shelley29@king-rodriguez.com
Melanie Thomas,crodgers@yahoo.com
Shelby Johnson,anthony90@gmail.com
Regina Morton,jennifer10@white.com
Lori Richards,matthew81@snow-long.com
Ashley Freeman,mhernandez@smith.biz
Jeffery Howell,zacharyhill@donovan.com
Pam Wheeler,caroltrujillo@castro-burton.com
Michael Caldwell,ibennett@hotmail.com
Ian Boyd,amanda16@gmail.com
Daniel Saunders,douglasschmidt@yahoo.com
Allison Rivers,hillmichael@gmail.com
Emily Smith,robin57@gmail.com
Maria Brown,hatfieldmary@rodriguez-harmon.com
Mrs. Cheryl Jones DDS,doughertyjennifer@young.net
Kenneth Wiggins,wbrooks@hotmail.com
James Davis,fishermonica@gmail.com
Megan Peters,gloriaweaver@anderson.com
Mary Sanders,ashley65@hotmail.com
Michael Alvarez,welchkenneth@maldonado-tran.com
Mrs. Angelica Tate,vmckenzie@gmail.com
Theodore Clark,agomez@yahoo.com
Nicole Dixon,patricia10@yahoo.com
Dustin White,morrisonedwin@mason-parker.org
Matthew Taylor,hinesbeverly@garcia.info
Mr. Brett Williams,kiara83@ward.org
Scott Norton,dixonmichelle@white-ferguson.net
Chelsea Hines,tiffany45@yahoo.com
Christian Harrison,gbrown@gmail.com
Kimberly Farmer,wilkinsjason@yahoo.com
Katherine Alexander,jeremywagner@hoffman-cooper.com
Darryl Knox,farleyjessica@yahoo.com
Jordan Lewis,bradbell@gmail.com
Anthony Hurley,bradley04@hotmail.com
Sharon Klein,xbowen@miller-newman.com
Darren Jarvis,bharris@white-barnett.com
Bailey Berry,jeffrey89@mccullough.biz
Michael Mejia,jortiz@trevino-williams.com
Michael King,markferguson@hotmail.com
Michael Brown,yramirez@jones-nelson.com
Linda Lambert,qchandler@daugherty-nunez.com
Kurt Obrien,tthompson@stewart.org
Patrick French,michael23@turner.com
Sarah Hill,swood@smith.com
Michelle Shaffer,rebecca89@reed.info
Kimberly Stark,kwilson@scott.biz
Steven Lloyd,umichael@yahoo.com
Christopher Stone,bradleyabbott@hotmail.com
Kevin Caldwell,michelle11@gmail.com
Dustin Hughes,butlerchristopher@hill.com
George Bowman,jacob65@hotmail.com
Angel Ferguson,ronnie56@hotmail.com
Alexander Mcintyre,brownbrendan@gmail.com
Tyler Hall,robertcunningham@hotmail.com
Zachary Patrick,nharris@henderson.net
Kerry Scott,kelseyjackson@morris.com
Timothy Garner,williammaldonado@meyer.info
Larry Cook,kross@yahoo.com
Leah Nielsen,cwalter@williams.com
Dakota Douglas,margaret04@hotmail.com
Heather Thompson,lauramejia@gmail.com
Jennifer Madden,anthonymurray@powers-valencia.org
Diana Chen,shelbyharris@gmail.com
Paul Barrett,david87@hotmail.com
Shannon White,sarajohnson@white.com
Christina Black DDS,ptaylor@young.info
Edward Green,khunt@choi-haley.com
Denise Leblanc,mmorrison@gmail.com
Samuel Tate,knightbrittany@yahoo.com
John Martinez,uryan@mccullough-bradley.biz
Pamela Young,lowerykathleen@hotmail.com
David Smith,cody84@hotmail.com
Stephen Harris,jacob22@green-phillips.com
Alejandra Silva,monica84@gmail.com
Joshua Chan,amathews@vargas.com
Austin Ortega,berrymatthew@yahoo.com
Anthony Fuller,hshah@english-morales.com
Jessica Joseph,karina88@yahoo.com
Cheryl Taylor,jonathanperry@parsons.com
Laura Leach,robertgray@gmail.com
Christopher Hernandez,collinschristopher@washington.com
Brenda Lowe,xgarcia@nicholson.biz
Emily Duncan,ebuchanan@carter-ingram.biz
Matthew Wilson,zdavis@hotmail.com
Robert Mcneil,fernando81@davis.info
Joyce Kennedy DDS,jmosley@carroll-lee.biz
Deborah Davis,kblack@campos.com
Robert Fox,georgesutton@williams.info
Taylor Morris,barnettleslie@williams-moore.biz
Chad White,julie07@tucker.net
Paula Sullivan,hvasquez@hotmail.com
Mr. David Griffin,simpsoncurtis@ramirez-lee.com
Mr. Brandon Wolfe,tmurray@caldwell.com
Ashley Santos,gabriela51@hotmail.com
Wanda Miller,crawfordmichelle@ellis-walker.com
Erin Miller,lisadaniels@cook-hill.com
Nicole Dennis,daniellesmith@williams-hunt.net
Joseph Waters,erika87@russell-pope.com
Stephanie Reed,martincynthia@brewer.com
Benjamin Sweeney,gatesmark@yahoo.com
Judy Lee,oterry@yahoo.com
Barbara Wyatt,jhoffman@gmail.com
Maria Craig,jerry54@collins.com
Keith Bonilla,waltonwilliam@curtis-johnston.com
Melanie Chavez,lrogers@travis.com
Thomas Phillips,sarah98@yahoo.com
Tyler Holloway,amanda80@yahoo.com
Elizabeth Campbell,millerjames@gmail.com
Christopher Edwards,martinezjuan@hotmail.com
Scott Smith,maria72@hotmail.com
Todd Smith,lynn06@cooper-miller.com
Martin Garcia,stephanie78@jackson-bean.net
Christopher White,caldwelljessica@williams.com
Raymond Scott,torresmark@gmail.com
Sandra Robinson,dnguyen@hotmail.com
Erica Carter,cookmelissa@holt-white.biz
Nathan Griffith,glenn14@hotmail.com
Jeff Lopez,fyoung@hotmail.com
Donna Stewart,francispaul@mcmahon.com
Stephen Hall,lammikayla@yahoo.com
Nicole Roberts,sydney43@gmail.com
Stacy Rowe,jasminecrawford@davis.com
Michelle Ross,ygardner@robinson.com
Thomas Boone,rmiles@yahoo.com
Samantha Richards,colemansamuel@chung.info
William Butler,hamptonashley@gmail.com
Jack Mason,jkeller@rodgers-jones.net
Brooke Harris,fmiller@king.com
Angie King,vwright@blackwell-carter.biz
Ryan Richardson,qgonzalez@gmail.com
Gina Caldwell,ambercallahan@gmail.com
Anne Lewis,brent19@hernandez.com
Jessica Sandoval,juliejohnson@yahoo.com
Megan Harris,antonioschneider@yahoo.com
Mary Camacho,xwood@vargas.com
Harold Perez,amyrush@sanders.net
Alexander Mckenzie,ryan33@hotmail.com
Charles Ritter,lisa14@hotmail.com
John Douglas,hthomas@hotmail.com
Lori Wagner,ksmith@thomas.com
Robin Scott,jennifer64@gmail.com
Rachel Johnston,floresjohn@hotmail.com
Harry Frank,hernandezalbert@yahoo.com
Daniel Taylor IV,alyssa23@yahoo.com
Ryan Rogers,qcobb@zavala.biz
Pamela Matthews,wiselisa@jackson-manning.com
John Thomas,maryphillips@davis-tucker.biz
Laura Wyatt DDS,kristinahicks@palmer.com
Kenneth Powell,wsmith@gmail.com
James Simmons,uwright@diaz.com
Heather Collins,lindashelton@white.com
Zachary Whitaker,ronaldgrant@hotmail.com
Jerry Maxwell,tamarakim@yahoo.com
Thomas Richardson,hbradley@green.com
Jack Wagner,andrew92@jackson.com
Kyle Carlson,christophergonzalez@white.biz
Ashley Taylor,harrissandra@castillo.org
Lori Everett,jenniferarcher@gmail.com
Daniel Smith,jacob41@roth.com
Casey Wood,simsjacob@obrien.com
Jill Peters,robinsonscott@rodriguez-davis.net
Michael Tyler,michael31@morgan.biz
Susan Wright,marie34@cole-martinez.com
April Lynn DVM,chelsea09@hotmail.com
Steve Holloway,james62@mccarthy-buckley.com
Mitchell Mcknight,grayjohnny@meza-lewis.info
Ruth Gilbert,roberto78@gmail.com
Julie Morgan,clarkryan@daugherty.net
Carolyn Cohen,lunamonica@gregory-grant.info
Thomas Lambert,arthur16@alvarez.com
Sarah Hill,nelsonantonio@gmail.com
Joseph Eaton,wgray@hotmail.com
Mr. Jose Watson,david54@evans.com
Angela Willis,robertbrady@gmail.com
Christina Lawrence,jasmine74@gmail.com
Linda Gibbs,asmith@wiggins.com
Anthony Christian,ronaldvazquez@gmail.com
Andrea Burke,joycoffey@hotmail.com
Andrea Fuentes,sara94@yahoo.com
Tracy Cole,karen91@turner.info
Jean Mclean,sthomas@yahoo.com
Zachary Lee,jacobcollins@rodriguez-walker.org
Ernest Harrison,vprice@gmail.com
Bailey Mack,lguerra@scott.com
Frank Montoya,bhill@yahoo.com
Brian Simmons,kathleen72@gmail.com
Melissa Taylor,harrisvanessa@hotmail.com
Sydney Thomas,taylorronald@lopez.com
Dale Stark,jennifer08@gmail.com
Linda Barr,juan70@hale.com
Mary Fernandez,nmarquez@vaughn-davis.com
Oscar Burnett,mmarsh@yahoo.com
Jon Russell,timothy09@yahoo.com
Robert Gardner,daniel17@hotmail.com
Robert Lopez,ashlee09@yahoo.com
Stephanie Simmons,royjennifer@martin.com
Becky Morse,tli@yahoo.com
Gregory Bradley,mbrown@hotmail.com
Vanessa Davis,williamsonjessica@gmail.com
Matthew Sweeney,mary57@hotmail.com
Yesenia Wallace,shelia99@gmail.com
Jennifer Armstrong,cchavez@hotmail.com
Roy White,robertmatthews@yahoo.com
Alexis Jennings,thompsontina@gonzalez.com
Aaron Pope,john07@hotmail.com
Joseph Russell,rpowell@gonzalez.com
Tony Bush,zmartin@hotmail.com
Megan Chan,patriciaflynn@gmail.com
Troy Garcia,swalker@compton.com
Brian Williams,msanchez@gmail.com
James Webb,alejandrodavis@gmail.com
Kelly Greene,nicholasjohnson@yahoo.com
Justin Curry,nlong@gmail.com
Thomas Walker,kclark@marquez.com
Jeremy Lee,edwardolsen@jarvis-casey.org
Jeffery Vargas,sotoamy@turner-lawson.biz
Robert Barrera,amandamarks@murphy.com
Frederick Bowman,thomastorres@mendez.com
Eric Schwartz,gbrennan@smith.com
Andrea Clark,brandonmcmahon@welch.com
Richard Jenkins MD,scottbarton@allison.com
Tamara Aguilar,daniellesmith@hotmail.com
Shawn Watkins,lisa55@hotmail.com
Lisa Campbell,tnichols@yahoo.com
Nathan Evans,boyerjustin@peterson.info
Theodore Gomez,lopeznicholas@gmail.com
Alison Thompson,hillbrandon@hotmail.com
Debbie Oneill,moorekimberly@rodriguez.net
Marcus Willis,arose@hotmail.com
Elizabeth Miller,aguilarkenneth@noble.biz
Randy Foster,jeremiah90@johnson.com
Larry Barnett,rochakristen@perkins.net
Maurice Lawrence,castillodonald@yahoo.com
Justin Bolton,ylynch@kim.org
Isaac Bryant,lawrencejennifer@yahoo.com
Brandy Brooks,davidwillis@smith.info
Eric Ingram,brentmiller@berg.com
Matthew Brown,aaron37@hotmail.com
Kristin Blake,eugenethompson@hernandez-sutton.biz
Antonio Jimenez,ewolf@andrade.com
Joseph Herrera,jeffrey23@yahoo.com
David Barnes,johnscott@perkins.com
Danielle Cervantes,nbowman@snyder.net
Douglas Wilson PhD,james18@baxter.biz
David Griffith MD,triley@bell.com
James Prince,ethan38@gmail.com
John Dillon,mrosales@gmail.com
Anna Rice,arogers@yahoo.com
Steven Garcia,trevor67@hotmail.com
Robert Mcknight,ufitzgerald@rivera-werner.com
Amanda Thomas,barbarakennedy@gilbert-ritter.org
Christine Miller,vwilliams@stewart.com
Ariel Ponce,davisjohn@yahoo.com
James Mcbride,baxterandrew@gmail.com
Spencer Barber,jpeters@arellano-mercado.com
Amber Ballard,singletongarrett@hotmail.com
Sabrina Wells DDS,stephaniefloyd@bentley.org
Jason Schwartz,stevenstewart@gomez-owens.biz
Elizabeth Morales,zwilliams@fuller-parker.com
Nicole Shannon,steven46@gmail.com
Briana Patel,jeremy17@yahoo.com
Michael Graham,ronald25@gmail.com
Victor Taylor,howard47@yahoo.com
Mary Shaw,iwallace@gmail.com
Stanley Ortega,edwardhinton@flynn.com
Erica Marks,aharrell@diaz.com
Sharon Jackson,danielsimmons@russell.com
Steven Brown,popekaren@strong.com
Christopher Bryant,chungjames@hotmail.com
Melissa Montgomery,lauralove@burton.org
Shane Alexander,ybriggs@gmail.com
Michael Hernandez,nicholasstephens@yahoo.com
Lauren Gross,seanhumphrey@adams.org
Zachary Sharp,michelereed@watson.com
Amber Garcia,megan74@yahoo.com
Ashley Davis,patrickhickman@gmail.com
Ian Glover,maynardkarina@carter.com
Amanda Wade,wterry@herrera.net
Wendy Mills,justin92@bennett.com
Luis Silva,sbrown@hotmail.com
Gregg Jones,kaitlyngay@mata.com
Sandra Arnold,nnorton@gmail.com
Shelby Barrett,scottdavid@henry-black.com
Tiffany Wood,bethanyporter@gmail.com
Kristine Thomas,herreramichael@mason-carter.com
Hailey Flowers,corey42@gmail.com
Andrea West,gentrymegan@collins.com
Bryan Gibbs,robertsonjason@nelson-king.info
Linda Chambers,wgraves@yahoo.com
Julie Ford,gregory92@hotmail.com
Mr. Alexander Woods DVM,debrastevenson@yahoo.com
Theresa Cole,alyssa37@yahoo.com
Morgan Cook,evansholly@grant.com
Amber Zavala,michael04@gmail.com
Adam Edwards,danasims@gmail.com
Brittany Spencer,justin19@hotmail.com
Matthew Nichols,lisavazquez@conley-walker.com
Joshua Ingram,donna11@lawson.com
Jeffrey Davis,houstonjonathan@hotmail.com
Erica Charles,annehansen@hotmail.com
Michelle Miller,lisa37@hotmail.com
Harold Figueroa,browndana@gmail.com
Shane Everett,cunninghamscott@yahoo.com
Rick Wagner,mknox@yahoo.com
Jennifer Brandt,julieevans@hotmail.com
Courtney Moreno,wallacejeffrey@hotmail.com
James Rodriguez,margaretthompson@villarreal.com
Andrew Graham,mariaramsey@cummings.info
Lori Coleman,karen91@yahoo.com
Pamela Roberts,jameslucas@hotmail.com
Mario Vega,james80@rodriguez.info
Kimberly Jones,pughamanda@delgado-rodriguez.com
John Thomas,jeremyosborne@hotmail.com
Steve King,jim99@yahoo.com
Victoria Gilbert,ecarey@yahoo.com
Lauren Rush,castrocolin@hotmail.com
Keith Sanders,rachel29@gmail.com
Kristin Ramirez,kevinramirez@hotmail.com
Richard Simpson,wanda56@williams.org
Rachel Hooper,matthewsmith@gmail.com
Brian Miranda,brian35@hotmail.com
Douglas Drake,shepherdmegan@hotmail.com
Jennifer Harper,howardwhite@larson.net
Emily Thomas,hayesdenise@smith.com
Jennifer Anderson,walkercindy@gmail.com
Jeremy Rodriguez,xlee@yahoo.com
Walter Ross,chelseamills@hotmail.com
Zachary Jones,ericyang@grant.com
Jonathan Jones,leemia@yahoo.com
Amy Carr,zwatson@hotmail.com
Matthew Stephenson,christine89@gmail.com
Alexandra Padilla,alexismckay@gmail.com
Billy Sosa,roy33@yahoo.com
Lisa Sanchez,whiteheadlindsay@huynh.net
Angela Williamson,ryanbradshaw@williams-jordan.com
Donald Walker,robertcarlson@hotmail.com
Dr. Amy Barnes DDS,juliecollins@yahoo.com
Bradley Johnson,coreyharvey@cooper-morales.net
Erika Holmes,juan62@gmail.com
Judy Chandler,ganderson@combs.org
Michael Blevins,michaelwilson@hotmail.com
Kathy Williams,bblankenship@huff.info
Tamara Vega,phillipsmichael@hotmail.com
Ryan Mcknight,mary18@yahoo.com
Bill Wheeler,jevans@williams.com
Michael Williams,bprice@hotmail.com
Robert Ramirez,travisstrickland@gmail.com
Rodney Lynn,leekatherine@olsen.com
Ryan Schaefer,millermelissa@hotmail.com
Erika Blake,kennethrobertson@dixon.net
Theresa Duncan,connorwilson@moss.com
Dr. Sarah Chase,hodgesrobin@peters-potter.org
Kevin Haynes,raymond56@bradley.com
Mark Stewart,zoe04@bennett-cox.info
Robyn Gilmore,sevans@hotmail.com
Crystal Sims,lisa30@gmail.com
Mr. Richard Hutchinson DDS,walkermichael@hotmail.com
Mary Bowen,alicia16@yahoo.com
Norma Durham,johngarcia@gmail.com
Kari Livingston,lrobertson@yahoo.com
William Morris,jeffrey69@hotmail.com
Leslie Matthews,qgordon@hotmail.com
Micheal Good,malvarado@gmail.com
Nancy Anderson,jonathanwong@smith.com
Alexander Patterson,bakermichael@patterson-grant.com
Steven Cook,johnrodriguez@martinez.com
Tracy Rogers,diana24@hotmail.com
Claire Barnes,davistodd@avila.com
Cody Silva,qduncan@yahoo.com
Sarah Blackburn,shellycollier@yahoo.com
Sarah Smith,maria18@yahoo.com
Jessica Santiago,christopherreynolds@thomas-moody.biz
Anita Henderson,murraysherry@bailey.org
Melinda Carter,brandon95@yahoo.com
Eric Palmer,smithjoshua@hotmail.com
Marc Dalton,danny83@perkins-lee.com
Nicholas Shelton,jasonwest@gmail.com
Michael Davis,alexiscantu@rodgers.com
Eric Dixon,tryan@mays-sullivan.info
Tanya Heath,levinealex@santos-tucker.com
Kayla Terry,swansonangel@gmail.com
Monica Bowen,lyonstricia@hotmail.com
Katie Hall,christopherhoward@evans.biz
Brian Mcgrath,cummingsdonald@gmail.com
Deanna Edwards,klee@gmail.com
Joshua Best,pagemichael@gonzalez-thomas.com
Linda Diaz,stephanieharris@gmail.com
Jessica Bentley,johnmiller@gmail.com
Alicia Scott DDS,lchen@lawrence.info
Christopher Morris,padillabrendan@gmail.com
Cheryl White,lbowman@gmail.com
Casey Dalton,brianmercado@yahoo.com
Susan Johnson,ralph60@atkinson.com
Nicole Morales,xwise@robinson.com
Kelly Williams,michaelhernandez@gmail.com
John Underwood,abailey@gmail.com
Todd Spencer,carol10@hotmail.com
Brian Carter,michele88@logan.com
Zachary Barker,christinawells@soto.org
Brandon Hatfield,terrimoore@hotmail.com
Matthew Clayton,bwhite@spence.com
Edgar Burns,nbennett@young.net
Virginia Graham,kristi78@yahoo.com
Edward Ochoa,meyerscharles@watts.net
Robert Huynh,teresa75@ruiz.biz
Dr. Barbara Bond,owright@yahoo.com
Erin Davis,amandawatson@taylor-anderson.com
Katherine Beasley,danielle17@michael.com
Jay Ward,wisezachary@hotmail.com
Erin Lee,rodney51@hotmail.com
Christine Cole,qfleming@yahoo.com
Valerie Carlson,alan78@rivera-massey.biz
Amy Kennedy,clifford15@dixon.biz
Aaron Ibarra,pcarter@hotmail.com
Laura Kim,antoniowebb@matthews.info
Janice Lewis,wilkinsonmatthew@gmail.com
James Boyd,samanthaperkins@rodriguez.org
Rodney Powell,joshuabush@lewis.com
David Kirby,vbrown@haynes.com
Karen Garcia,aparsons@gmail.com
Maria Cook,nelsonkathleen@wheeler-williams.com
Edward Smith,tiffany39@ruiz.com
Jasmine Hayes DDS,wkidd@haynes.org
Jeremy Morris,steelejoshua@yahoo.com
Darren Gibbs,markjimenez@gmail.com
Ronnie Harmon,joneslaura@yahoo.com
Frank Rodriguez,qfreeman@hotmail.com
Miranda Butler,padillamonica@gmail.com
Ashley Howell,dfoster@gardner.net
Todd Lee,dawn38@gmail.com
Christine Higgins,baileynatasha@valdez.com
Martin Molina,davidtaylor@yahoo.com
David Young,christophercook@hotmail.com
Lisa Edwards,mccormickdaniel@thompson.com
Cynthia Mitchell,rick78@ortiz.net
Amber Hughes,averydakota@mclaughlin.com
Richard Reyes,diane57@flores.com
Ryan Morgan,cmyers@gmail.com
Stephanie Henry,edwardwright@yahoo.com
Lindsay Serrano,brittanymcclure@hotmail.com
David Bird,lgarcia@gmail.com
Beth Anderson,alexander07@schmidt.com
Alexandra Diaz,heather50@raymond.org
Stephen Williams,jonathan65@reeves-keller.com
Brittany Li,mccarthywilliam@hotmail.com
Andrew Parker,scott06@cole-mclean.com
Paula Hayes,hortonmaria@hotmail.com
Daniel Lindsey,campostodd@holmes.com
Jordan Galvan,rgraham@gmail.com
Amy Nichols,humphreymatthew@reyes-davidson.com
Tristan Delgado,richard36@cunningham.com
Shannon Hernandez,elizabeth12@gmail.com
Anne Johnson,victoria62@roberts-barnes.com
Mark Rogers,romeromelanie@woods.info
Brian Davis,matthewnielsen@love-davis.info
John Sandoval,allenshelia@garcia.biz
Anthony Petersen,pauljason@yahoo.com
Robert Anderson,gmarshall@hotmail.com
Anna Fernandez,josephkirby@snyder.com
Debbie Norton,ehansen@hotmail.com
Karen Shaw,jose44@yahoo.com
David Davila,egarcia@yahoo.com
Leah Nash,zachary59@lawrence-griffin.com
Kristina Maldonado,tony24@small.info
Michael Davis,schultzelizabeth@castillo.com
Craig Vasquez,dillonpeggy@hotmail.com
Tammy Morgan,williamschristopher@snyder.com
Scott Heath,williamsmatthew@castro.com
Patrick Cruz,fergusonashley@hotmail.com
Gina Bullock,stevenle@bentley.com
Tammy Torres,jjones@hotmail.com
David Molina,hernandeztonya@hotmail.com
Dean Garza,fsanchez@taylor-hansen.net
Joyce Harper,crystal02@hernandez.com
Kevin Gonzalez,yhansen@hotmail.com
Richard Martin,evansthomas@mora.net
Tyler Stewart,revans@gmail.com
Nathan Galloway,omunoz@moses-garcia.com
Tracy Berger,johnsontimothy@anderson.biz
James Chavez,jackreeves@yahoo.com
Rebecca Hines,xmoreno@alexander.com
Tyler Russell,dchoi@weber.com
Shelby Hensley,sherrileon@gmail.com
Brittney Weber,kristen30@clark.com
Kathryn King,adaniel@padilla-carson.net
Jennifer Davis,tonicampbell@ortega.com
Holly Black,arnoldlinda@blair.net
Jessica Cook,pattonbetty@smith.com
David Michael,anna08@yahoo.com
Mackenzie Guzman,matthew87@gmail.com
Theresa Roman,rhayden@hotmail.com
Shelby Spencer DVM,keith64@hotmail.com
Brandon Hughes,phyllis91@hotmail.com
Patricia Mckee,davenportcody@gmail.com
Mark Peterson,tuckerdawn@yahoo.com
Virginia Fry,ikim@griffin-banks.com
Zachary Merritt,huntcharles@yahoo.com
Kathryn Jordan,awilson@gmail.com
Matthew Parks,ikeith@yahoo.com
Tim Brock,sherri50@winters-johnson.com
Heidi Mendoza,daviscrystal@hotmail.com
Michael Brown,ogarner@aguirre.org
Samuel Harris,timothy98@gmail.com
Natasha Burgess,zgibson@morgan.net
Zachary Yu,scook@hotmail.com
Jonathan Harrison,bradymichelle@gmail.com
Robert Mann,richardkoch@jackson.com
Zachary Fowler,ele@montes.com
Dylan Conner,msanders@gmail.com
Ashley Goodwin,curtisamy@henry-macdonald.com
Breanna Davis,williamsreginald@gmail.com
Michelle Chase,ystewart@gmail.com
Hannah Sellers,rjackson@gmail.com
Sarah Meza,joseph20@hotmail.com
Anthony Wagner,awoodard@stone-thompson.com
Richard Russo,danielkirk@ford.com
Monica James,michaelbyrd@baker.com
Daniel Green,jonathanharrington@hotmail.com
Karen Rodriguez,paulaklein@lowery.com
Kendra Cooley,petersonbrandon@yahoo.com
Tyler Bullock,courtney68@gmail.com
Paul Collier,ericsullivan@yahoo.com
Debra Reynolds,vbryant@coleman-gallegos.net
Dalton Hughes,hjones@arnold-wright.biz
Allison Gonzalez,brian57@kramer-fox.com
Cassandra Welch,christina89@schultz-davidson.com
Jessica Williams,jillpowell@hill.com
Phyllis Sanchez,adam98@gmail.com
Todd Neal,donfrancis@hotmail.com
Christopher Morgan,jeffrey27@jackson.net
Lisa Lane,clee@perez.org
Carly Riley,davidrush@bennett-garza.com
Jack Porter,marcia34@gmail.com
Sandra Mathews,steven14@lewis.org
Richard Sutton,heatherblevins@yahoo.com
Kelly Dixon,williamsdawn@hotmail.com
Clifford Osborne,harry28@davis.com
Susan Morales,brasmussen@hotmail.com
Deanna Rios,ngarza@ford.net
Andrew Boyd,caitlyn44@gmail.com
Bradley Thomas,potterdylan@howe-russo.info
Patrick Thompson,megan67@yahoo.com
John Mahoney,jonesmichelle@booker.com
Patricia Rowe,amandajones@jenkins.info
John Smith,jacob18@maynard-fisher.com
Joseph Mcmahon,lnichols@gmail.com
April Johnson,martinsummer@sanders.com
Rachel Miles,amanda58@morton.com
Steven Zhang MD,leah05@smith-ramirez.com
Tara Cole,amandaharrell@williamson-clark.org
Tiffany Wolfe,james94@mckee.net
Eric Smith,xellis@gmail.com
Brandon Ross,melissa54@hotmail.com
Mr. Christopher Bailey,margaretnelson@brown-brown.com
Crystal Medina,sabrinaherrera@yahoo.com
Kristen Meyer,davidwallace@duarte-snow.com
Samuel Ryan,brownkelly@elliott.net
Jesse Pruitt,ernestlang@hotmail.com
John Carter,samantha02@hotmail.com
Stephen Moody,igaines@mitchell-walsh.com
Michelle Brown,lovemark@yahoo.com
Mr. James Young,garciaeric@gmail.com
Jeff Jackson,lucerosarah@yahoo.com
Johnny Friedman,zreyes@murphy-jones.com
Sandra Montgomery,curtis75@yahoo.com
Joseph Johnson,levans@yahoo.com
Nathaniel Whitaker,vanessa25@sullivan.info
Emily Barrett,bassjeffrey@dickerson-pollard.info
Kayla Brown,grantnicholas@garcia.com
Nicole King,vrobbins@yahoo.com
Rachel Lewis,monica08@davies.biz
Kimberly Young,judy52@hotmail.com
Christine Diaz MD,lindamorton@turner.info
Dakota Bautista,wlang@stewart.com
Tiffany Williams,robin15@woodard.com
Eugene Montes,jrangel@yahoo.com
Ryan Bowman,ahernandez@gmail.com
Nicole Sanchez,crystallawrence@gates.com
Amanda Watson,susanadkins@hotmail.com
Dana Bailey,adkinsandrew@smith-sanchez.com
Donna Ho,kevinforbes@harper.com
Jennifer Steele,reynoldsjonathan@hotmail.com
Aaron Carter,lindsaysmith@yahoo.com
Alexis Wilson,jrobertson@gmail.com
Diana Wood,leonarnold@turner-fernandez.net
Todd Herrera,ngeorge@arnold.org
Craig Young,ryanbeasley@yahoo.com
Daniel Nichols,joseph57@forbes.com
Ashley Murphy,gregorybenjamin@allen.com
Scott Werner,matthew26@jones-delgado.com
David Atkins,stephanie90@gmail.com
Jessica Evans,oliviahowell@hotmail.com
Thomas Hughes,iduncan@yahoo.com
Jennifer Dawson,howardcynthia@gmail.com
Rachael Gibson,williamjimenez@vargas-herring.com
Thomas Diaz,sean97@yahoo.com
Julia Chambers,elizabethestrada@freeman-jones.net
Brett Keller,coreyjones@martinez-norris.org
Lindsey Chen,christineromero@hotmail.com
Melissa Johnson,torresjames@yahoo.com
Stephen Johnson,ingramlauren@davis.biz
Theresa Luna,margaretlowery@gmail.com
Michelle Espinoza,ericperez@yahoo.com
Ronald Brown MD,emiller@gmail.com
Jasmine Sharp,shelly85@watson.com
Chris Bridges,elizabeththompson@wilson.com
Ryan Hanson,jessicabrown@gmail.com
Jason Patel,dianasimpson@smith.com
Brittany Hickman,karlmiller@hotmail.com
Anna Carroll,ucarroll@frost.com
Deanna Mcintyre,masonconnie@yahoo.com
Lori Williams,james12@bender-stewart.net
Robin Allen,josephweeks@phillips.org
Marie Mullins,abigailanthony@mccall.com
Dwayne Peterson,kimdiamond@young.com
Jordan Walls,tleonard@gmail.com
Kristina Sparks,icurtis@hotmail.com
Andrew Peterson,irodriguez@ruiz.info
Teresa Day,rachaelfernandez@hotmail.com
Michael Harper,kevinhaley@gmail.com
Jason Johnson,jessicawells@gmail.com
Joseph Ashley,burgesscourtney@yahoo.com
Michelle Herrera,anthonygarcia@phillips.net
Brian Campos,jennifer23@thomas-alexander.com
Stephanie Williams,durhamcatherine@silva.com
Jesse Harris,brownshawn@porter.info
Martin Daugherty,maynardevan@jensen-baker.com
Ryan Herrera,timothykelly@griffin.com
Jose Galloway,williamsjames@lewis.com
Lori Torres,montgomeryjacob@rhodes.info
Daniel Bray,robinpetty@hotmail.com
Wesley Reyes,blynch@yahoo.com
Courtney Palmer,slewis@gmail.com
Patrick Li,curtisvirginia@roberts.com
Elizabeth Stephens,heather76@hotmail.com
Tyler Mays,jessica58@warren.biz
Theresa Leon,clayton42@roberts.com
Matthew Neal,joyceandrade@jordan.biz
William Boyle,mariah52@lindsey.net
Roger Singleton,boylechristine@garcia-michael.com
Blake Thompson,emilyfriedman@johnson-hernandez.com
Helen Jones,anthony97@hotmail.com
Erica Barrett,comptonamber@rodriguez.com
Steven Kane,griffithashley@yahoo.com
Judith Lee,hooveralan@yahoo.com
Rebecca Archer,josephsanford@gonzalez.info
Jennifer Robinson,jasonowens@fitzgerald.net
Gabriela Brown,tracy16@palmer.com
Mary Wilkinson,qbarnes@hotmail.com
Patrick Perez,garciadaniel@hotmail.com
John Sweeney,theresa26@obrien.com
Nancy Andrews,christopher54@logan-henry.net
Brent Davidson,andersonanna@yahoo.com
Becky Carpenter,hernandezlisa@lambert.org
Michelle Hines,danielbell@smith.com
James Cooper,carol39@davies-zhang.info
Noah Williams II,uwhite@hotmail.com
Justin Mitchell,dianaflores@hotmail.com
Peter Christensen,petersregina@mendoza.org
James Duncan,shelbymorris@barry.net
Jonathan Anderson,joseph37@myers.com
Michele Mckenzie,mandrews@wright-owens.com
James Gross,kelly15@hotmail.com
Justin Montgomery,blackpaige@smith-obrien.com
Richard Stephens,joseph32@yahoo.com
Sarah Doyle,jessicawashington@gutierrez-martin.com
Adam Mccarthy,joycerobin@yahoo.com
Leslie Williams,navarrotina@west.com
Anne Glover,nicholasjames@hotmail.com
Robert Morrison,athomas@jimenez.com
Daniel Johnson,anthonyhughes@gmail.com
Dorothy Gardner,collinslaura@yahoo.com
Nancy Morrison,morrisamber@yahoo.com
Brian Freeman,kpope@hotmail.com
Rachel Mendoza,dgarcia@white-herring.com
Thomas Cox,richardmoore@cisneros-rogers.org
Jill Taylor,michael76@gmail.com
Jonathan Horton,campbellbrandon@johnson.com
Jenna Bradley,jeremy98@kramer.com
Bradley Landry,cassandra55@gmail.com
Michael Odom,ellisdaniel@hotmail.com
Taylor Alvarez,lucasmelanie@conway.com
Lindsay Beck,carlsonsamantha@yahoo.com
James Garcia,pamela03@gibson.com
Jason Miller,daughertymichael@gmail.com
James Bell DVM,ebutler@young.com
Jason Douglas,frichard@hotmail.com
Megan Hansen,johnsonrobert@yahoo.com
Gregory Nelson,santiagolinda@howard.com
Jose Sullivan,rebeccagonzalez@yahoo.com
Erika Powers,hunterjessica@hotmail.com
Christopher Johnson,david65@gmail.com
David Gonzalez,sharonsmith@chan.com
Danny Lee,morrowlori@farrell-jenkins.net
Derek Jennings,pblair@gmail.com
Mrs. Brianna Sullivan,jameswallace@kennedy.info
Zachary Bridges,rwallace@hotmail.com
Veronica Jones,donald79@hotmail.com
Patrick Howard,gpeterson@bailey.com
Katrina Schwartz,johnarnold@yahoo.com
Mark Kim,rjohnson@young-smith.com
Ashley Cook,nicole53@yahoo.com
Lance Lee,angelacarroll@buck-webb.net
Brittany Jones,butleredward@hotmail.com
Victoria Black,foconnor@hanson.net
Theodore Carter DVM,xhood@gmail.com
Andrew Smith,margaret68@yahoo.com
Robert Walker,kristingentry@johnson-williams.net
Stephanie Smith,wmason@neal.biz
Lauren Owens,garciarichard@gmail.com
Rachel Bass,dianablack@gmail.com
Jeffrey Baker,deborah82@yahoo.com
April Ross,dhill@hotmail.com
Taylor Jimenez,richard30@peterson.com
Joshua Hill,pjimenez@marquez.com
Katherine Young,gmason@valenzuela.com
Heather Martinez,dpierce@mccarthy.org
Ronnie Richardson,shelly78@yahoo.com
Joshua Rivera,valdezjesse@henderson-perkins.com
Danny Leblanc,pamevans@yahoo.com
Brad Weaver,tony35@edwards-santos.org
Charles Johnson,nmorris@hotmail.com
Thomas Lucero,gary44@yahoo.com
Gregory Maddox,holmeskristina@hotmail.com
Beverly Brandt,wrice@hotmail.com
Troy Carpenter,hogansamantha@yahoo.com
Susan Olson,hayesashley@gmail.com
Jessica Griffin,xhill@hotmail.com
Jamie Hernandez,aedwards@yahoo.com
Brian Obrien,denise97@gmail.com
Alex Mitchell,thomasacosta@flynn-harris.com
Deborah Taylor,darren80@gmail.com
Lauren Bowman,solson@anderson.com
Luis Fry,gabbott@gmail.com
Samantha Wilson,nicholas93@lopez-romero.com
Jocelyn Dawson,patriciabarker@clark.com
Zachary Lee,johnmorgan@yahoo.com
Joseph Davis,gstewart@owens.biz
Katrina Shields,monica03@gmail.com
